Workbook

Sheet Equipos
A1: Equipo (Amigo)
A2: Mariopo
A3: Dynn
A4: diego
A5: Eduardo
A6: Khalvito
A7: Manko

Sheet Posiciones
A1: Posición | B1: Equipo | C1: PJ | D1: PG | E1: PE | F1: PP | G1: GF | H1: GC | I1: DG | J1: Pts
A2: 1 | B2: =INDEX(Calculos_Liga!A$2:A$7, MATCH($A2, Calculos_Liga!$K$2:$K$7, 0)) | C2: =INDEX(Calculos_Liga!B$2:B$7, MATCH($A2, Calculos_Liga!$K$2:$K$7, 0)) | D2: =INDEX(Calculos_Liga!C$2:C$7, MATCH($A2, Calculos_Liga!$K$2:$K$7, 0)) | E2: =INDEX(Calculos_Liga!D$2:D$7, MATCH($A2, Calculos_Liga!$K$2:$K$7, 0)) | F2: =INDEX(Calculos_Liga!E$2:E$7, MATCH($A2, Calculos_Liga!$K$2:$K$7, 0)) | G2: =INDEX(Calculos_Liga!F$2:F$7, MATCH($A2, Calculos_Liga!$K$2:$K$7, 0)) | H2: =INDEX(Calculos_Liga!G$2:G$7, MATCH($A2, Calculos_Liga!$K$2:$K$7, 0)) | I2: =INDEX(Calculos_Liga!H$2:H$7, MATCH($A2, Calculos_Liga!$K$2:$K$7, 0)) | J2: =INDEX(Calculos_Liga!I$2:I$7, MATCH($A2, Calculos_Liga!$K$2:$K$7, 0))
A3: 2 | B3: =INDEX(Calculos_Liga!A$2:A$7, MATCH($A3, Calculos_Liga!$K$2:$K$7, 0)) | C3: =INDEX(Calculos_Liga!B$2:B$7, MATCH($A3, Calculos_Liga!$K$2:$K$7, 0)) | D3: =INDEX(Calculos_Liga!C$2:C$7, MATCH($A3, Calculos_Liga!$K$2:$K$7, 0)) | E3: =INDEX(Calculos_Liga!D$2:D$7, MATCH($A3, Calculos_Liga!$K$2:$K$7, 0)) | F3: =INDEX(Calculos_Liga!E$2:E$7, MATCH($A3, Calculos_Liga!$K$2:$K$7, 0)) | G3: =INDEX(Calculos_Liga!F$2:F$7, MATCH($A3, Calculos_Liga!$K$2:$K$7, 0)) | H3: =INDEX(Calculos_Liga!G$2:G$7, MATCH($A3, Calculos_Liga!$K$2:$K$7, 0)) | I3: =INDEX(Calculos_Liga!H$2:H$7, MATCH($A3, Calculos_Liga!$K$2:$K$7, 0)) | J3: =INDEX(Calculos_Liga!I$2:I$7, MATCH($A3, Calculos_Liga!$K$2:$K$7, 0))
A4: 3 | B4: =INDEX(Calculos_Liga!A$2:A$7, MATCH($A4, Calculos_Liga!$K$2:$K$7, 0)) | C4: =INDEX(Calculos_Liga!B$2:B$7, MATCH($A4, Calculos_Liga!$K$2:$K$7, 0)) | D4: =INDEX(Calculos_Liga!C$2:C$7, MATCH($A4, Calculos_Liga!$K$2:$K$7, 0)) | E4: =INDEX(Calculos_Liga!D$2:D$7, MATCH($A4, Calculos_Liga!$K$2:$K$7, 0)) | F4: =INDEX(Calculos_Liga!E$2:E$7, MATCH($A4, Calculos_Liga!$K$2:$K$7, 0)) | G4: =INDEX(Calculos_Liga!F$2:F$7, MATCH($A4, Calculos_Liga!$K$2:$K$7, 0)) | H4: =INDEX(Calculos_Liga!G$2:G$7, MATCH($A4, Calculos_Liga!$K$2:$K$7, 0)) | I4: =INDEX(Calculos_Liga!H$2:H$7, MATCH($A4, Calculos_Liga!$K$2:$K$7, 0)) | J4: =INDEX(Calculos_Liga!I$2:I$7, MATCH($A4, Calculos_Liga!$K$2:$K$7, 0))
A5: 4 | B5: =INDEX(Calculos_Liga!A$2:A$7, MATCH($A5, Calculos_Liga!$K$2:$K$7, 0)) | C5: =INDEX(Calculos_Liga!B$2:B$7, MATCH($A5, Calculos_Liga!$K$2:$K$7, 0)) | D5: =INDEX(Calculos_Liga!C$2:C$7, MATCH($A5, Calculos_Liga!$K$2:$K$7, 0)) | E5: =INDEX(Calculos_Liga!D$2:D$7, MATCH($A5, Calculos_Liga!$K$2:$K$7, 0)) | F5: =INDEX(Calculos_Liga!E$2:E$7, MATCH($A5, Calculos_Liga!$K$2:$K$7, 0)) | G5: =INDEX(Calculos_Liga!F$2:F$7, MATCH($A5, Calculos_Liga!$K$2:$K$7, 0)) | H5: =INDEX(Calculos_Liga!G$2:G$7, MATCH($A5, Calculos_Liga!$K$2:$K$7, 0)) | I5: =INDEX(Calculos_Liga!H$2:H$7, MATCH($A5, Calculos_Liga!$K$2:$K$7, 0)) | J5: =INDEX(Calculos_Liga!I$2:I$7, MATCH($A5, Calculos_Liga!$K$2:$K$7, 0))
A6: 5 | B6: =INDEX(Calculos_Liga!A$2:A$7, MATCH($A6, Calculos_Liga!$K$2:$K$7, 0)) | C6: =INDEX(Calculos_Liga!B$2:B$7, MATCH($A6, Calculos_Liga!$K$2:$K$7, 0)) | D6: =INDEX(Calculos_Liga!C$2:C$7, MATCH($A6, Calculos_Liga!$K$2:$K$7, 0)) | E6: =INDEX(Calculos_Liga!D$2:D$7, MATCH($A6, Calculos_Liga!$K$2:$K$7, 0)) | F6: =INDEX(Calculos_Liga!E$2:E$7, MATCH($A6, Calculos_Liga!$K$2:$K$7, 0)) | G6: =INDEX(Calculos_Liga!F$2:F$7, MATCH($A6, Calculos_Liga!$K$2:$K$7, 0)) | H6: =INDEX(Calculos_Liga!G$2:G$7, MATCH($A6, Calculos_Liga!$K$2:$K$7, 0)) | I6: =INDEX(Calculos_Liga!H$2:H$7, MATCH($A6, Calculos_Liga!$K$2:$K$7, 0)) | J6: =INDEX(Calculos_Liga!I$2:I$7, MATCH($A6, Calculos_Liga!$K$2:$K$7, 0))
A7: 6 | B7: =INDEX(Calculos_Liga!A$2:A$7, MATCH($A7, Calculos_Liga!$K$2:$K$7, 0)) | C7: =INDEX(Calculos_Liga!B$2:B$7, MATCH($A7, Calculos_Liga!$K$2:$K$7, 0)) | D7: =INDEX(Calculos_Liga!C$2:C$7, MATCH($A7, Calculos_Liga!$K$2:$K$7, 0)) | E7: =INDEX(Calculos_Liga!D$2:D$7, MATCH($A7, Calculos_Liga!$K$2:$K$7, 0)) | F7: =INDEX(Calculos_Liga!E$2:E$7, MATCH($A7, Calculos_Liga!$K$2:$K$7, 0)) | G7: =INDEX(Calculos_Liga!F$2:F$7, MATCH($A7, Calculos_Liga!$K$2:$K$7, 0)) | H7: =INDEX(Calculos_Liga!G$2:G$7, MATCH($A7, Calculos_Liga!$K$2:$K$7, 0)) | I7: =INDEX(Calculos_Liga!H$2:H$7, MATCH($A7, Calculos_Liga!$K$2:$K$7, 0)) | J7: =INDEX(Calculos_Liga!I$2:I$7, MATCH($A7, Calculos_Liga!$K$2:$K$7, 0))

Sheet Resultados
A1: Jornada | B1: Equipo Local | C1: Goles Local | D1: Goles Visitante | E1: Equipo Visitante

Sheet Calculos_Liga
A1: Equipo | B1: PJ | C1: PG | D1: PE | E1: PP | F1: GF | G1: GC | H1: DG | I1: Pts | J1: Score | K1: Rank
A2: =Equipos!A2 | B2: =SUMPRODUCT((Resultados!$B$2:$B$100=A2)*(Resultados!$C$2:$C$100<>"")) + SUMPRODUCT((Resultados!$E$2:$E$100=A2)*(Resultados!$D$2:$D$100<>"")) | C2: =SUMPRODUCT((Resultados!$B$2:$B$100=A2)*(Resultados!$C$2:$C$100>Resultados!$D$2:$D$100)*(Resultados!$C$2:$C$100<>"")) + SUMPRODUCT((Resultados!$E$2:$E$100=A2)*(Resultados!$D$2:$D$100>Resultados!$C$2:$C$100)*(Resultados!$C$2:$C$100<>"")) | D2: =SUMPRODUCT((Resultados!$B$2:$B$100=A2)*(Resultados!$C$2:$C$100=Resultados!$D$2:$D$100)*(Resultados!$C$2:$C$100<>"")) + SUMPRODUCT((Resultados!$E$2:$E$100=A2)*(Resultados!$D$2:$D$100=Resultados!$C$2:$C$100)*(Resultados!$D$2:$D$100<>"")) | E2: =SUMPRODUCT((Resultados!$B$2:$B$100=A2)*(Resultados!$C$2:$C$100<Resultados!$D$2:$D$100)*(Resultados!$C$2:$C$100<>"")) + SUMPRODUCT((Resultados!$E$2:$E$100=A2)*(Resultados!$D$2:$D$100<Resultados!$C$2:$C$100)*(Resultados!$C$2:$C$100<>"")) | F2: =SUMIF(Resultados!$B$2:$B$100, A2, Resultados!$C$2:$C$100) + SUMIF(Resultados!$E$2:$E$100, A2, Resultados!$D$2:$D$100) | G2: =SUMIF(Resultados!$B$2:$B$100, A2, Resultados!$D$2:$D$100) + SUMIF(Resultados!$E$2:$E$100, A2, Resultados!$C$2:$C$100) | H2: =F2-G2 | I2: =C2*3 + D2*1 | J2: =I2*10000 + H2*100 + F2 | K2: =RANK.EQ(J2, $J$2:$J$7) + COUNTIF($J$2:J2, J2) - 1
A3: =Equipos!A3 | B3: =SUMPRODUCT((Resultados!$B$2:$B$100=A3)*(Resultados!$C$2:$C$100<>"")) + SUMPRODUCT((Resultados!$E$2:$E$100=A3)*(Resultados!$D$2:$D$100<>"")) | C3: =SUMPRODUCT((Resultados!$B$2:$B$100=A3)*(Resultados!$C$2:$C$100>Resultados!$D$2:$D$100)*(Resultados!$C$2:$C$100<>"")) + SUMPRODUCT((Resultados!$E$2:$E$100=A3)*(Resultados!$D$2:$D$100>Resultados!$C$2:$C$100)*(Resultados!$C$2:$C$100<>"")) | D3: =SUMPRODUCT((Resultados!$B$2:$B$100=A3)*(Resultados!$C$2:$C$100=Resultados!$D$2:$D$100)*(Resultados!$C$2:$C$100<>"")) + SUMPRODUCT((Resultados!$E$2:$E$100=A3)*(Resultados!$D$2:$D$100=Resultados!$C$2:$C$100)*(Resultados!$D$2:$D$100<>"")) | E3: =SUMPRODUCT((Resultados!$B$2:$B$100=A3)*(Resultados!$C$2:$C$100<Resultados!$D$2:$D$100)*(Resultados!$C$2:$C$100<>"")) + SUMPRODUCT((Resultados!$E$2:$E$100=A3)*(Resultados!$D$2:$D$100<Resultados!$C$2:$C$100)*(Resultados!$C$2:$C$100<>"")) | F3: =SUMIF(Resultados!$B$2:$B$100, A3, Resultados!$C$2:$C$100) + SUMIF(Resultados!$E$2:$E$100, A3, Resultados!$D$2:$D$100) | G3: =SUMIF(Resultados!$B$2:$B$100, A3, Resultados!$D$2:$D$100) + SUMIF(Resultados!$E$2:$E$100, A3, Resultados!$C$2:$C$100) | H3: =F3-G3 | I3: =C3*3 + D3*1 | J3: =I3*10000 + H3*100 + F3 | K3: =RANK.EQ(J3, $J$2:$J$7) + COUNTIF($J$2:J3, J3) - 1
A4: =Equipos!A4 | B4: =SUMPRODUCT((Resultados!$B$2:$B$100=A4)*(Resultados!$C$2:$C$100<>"")) + SUMPRODUCT((Resultados!$E$2:$E$100=A4)*(Resultados!$D$2:$D$100<>"")) | C4: =SUMPRODUCT((Resultados!$B$2:$B$100=A4)*(Resultados!$C$2:$C$100>Resultados!$D$2:$D$100)*(Resultados!$C$2:$C$100<>"")) + SUMPRODUCT((Resultados!$E$2:$E$100=A4)*(Resultados!$D$2:$D$100>Resultados!$C$2:$C$100)*(Resultados!$C$2:$C$100<>"")) | D4: =SUMPRODUCT((Resultados!$B$2:$B$100=A4)*(Resultados!$C$2:$C$100=Resultados!$D$2:$D$100)*(Resultados!$C$2:$C$100<>"")) + SUMPRODUCT((Resultados!$E$2:$E$100=A4)*(Resultados!$D$2:$D$100=Resultados!$C$2:$C$100)*(Resultados!$D$2:$D$100<>"")) | E4: =SUMPRODUCT((Resultados!$B$2:$B$100=A4)*(Resultados!$C$2:$C$100<Resultados!$D$2:$D$100)*(Resultados!$C$2:$C$100<>"")) + SUMPRODUCT((Resultados!$E$2:$E$100=A4)*(Resultados!$D$2:$D$100<Resultados!$C$2:$C$100)*(Resultados!$C$2:$C$100<>"")) | F4: =SUMIF(Resultados!$B$2:$B$100, A4, Resultados!$C$2:$C$100) + SUMIF(Resultados!$E$2:$E$100, A4, Resultados!$D$2:$D$100) | G4: =SUMIF(Resultados!$B$2:$B$100, A4, Resultados!$D$2:$D$100) + SUMIF(Resultados!$E$2:$E$100, A4, Resultados!$C$2:$C$100) | H4: =F4-G4 | I4: =C4*3 + D4*1 | J4: =I4*10000 + H4*100 + F4 | K4: =RANK.EQ(J4, $J$2:$J$7) + COUNTIF($J$2:J4, J4) - 1
A5: =Equipos!A5 | B5: =SUMPRODUCT((Resultados!$B$2:$B$100=A5)*(Resultados!$C$2:$C$100<>"")) + SUMPRODUCT((Resultados!$E$2:$E$100=A5)*(Resultados!$D$2:$D$100<>"")) | C5: =SUMPRODUCT((Resultados!$B$2:$B$100=A5)*(Resultados!$C$2:$C$100>Resultados!$D$2:$D$100)*(Resultados!$C$2:$C$100<>"")) + SUMPRODUCT((Resultados!$E$2:$E$100=A5)*(Resultados!$D$2:$D$100>Resultados!$C$2:$C$100)*(Resultados!$C$2:$C$100<>"")) | D5: =SUMPRODUCT((Resultados!$B$2:$B$100=A5)*(Resultados!$C$2:$C$100=Resultados!$D$2:$D$100)*(Resultados!$C$2:$C$100<>"")) + SUMPRODUCT((Resultados!$E$2:$E$100=A5)*(Resultados!$D$2:$D$100=Resultados!$C$2:$C$100)*(Resultados!$D$2:$D$100<>"")) | E5: =SUMPRODUCT((Resultados!$B$2:$B$100=A5)*(Resultados!$C$2:$C$100<Resultados!$D$2:$D$100)*(Resultados!$C$2:$C$100<>"")) + SUMPRODUCT((Resultados!$E$2:$E$100=A5)*(Resultados!$D$2:$D$100<Resultados!$C$2:$C$100)*(Resultados!$C$2:$C$100<>"")) | F5: =SUMIF(Resultados!$B$2:$B$100, A5, Resultados!$C$2:$C$100) + SUMIF(Resultados!$E$2:$E$100, A5, Resultados!$D$2:$D$100) | G5: =SUMIF(Resultados!$B$2:$B$100, A5, Resultados!$D$2:$D$100) + SUMIF(Resultados!$E$2:$E$100, A5, Resultados!$C$2:$C$100) | H5: =F5-G5 | I5: =C5*3 + D5*1 | J5: =I5*10000 + H5*100 + F5 | K5: =RANK.EQ(J5, $J$2:$J$7) + COUNTIF($J$2:J5, J5) - 1
A6: =Equipos!A6 | B6: =SUMPRODUCT((Resultados!$B$2:$B$100=A6)*(Resultados!$C$2:$C$100<>"")) + SUMPRODUCT((Resultados!$E$2:$E$100=A6)*(Resultados!$D$2:$D$100<>"")) | C6: =SUMPRODUCT((Resultados!$B$2:$B$100=A6)*(Resultados!$C$2:$C$100>Resultados!$D$2:$D$100)*(Resultados!$C$2:$C$100<>"")) + SUMPRODUCT((Resultados!$E$2:$E$100=A6)*(Resultados!$D$2:$D$100>Resultados!$C$2:$C$100)*(Resultados!$C$2:$C$100<>"")) | D6: =SUMPRODUCT((Resultados!$B$2:$B$100=A6)*(Resultados!$C$2:$C$100=Resultados!$D$2:$D$100)*(Resultados!$C$2:$C$100<>"")) + SUMPRODUCT((Resultados!$E$2:$E$100=A6)*(Resultados!$D$2:$D$100=Resultados!$C$2:$C$100)*(Resultados!$D$2:$D$100<>"")) | E6: =SUMPRODUCT((Resultados!$B$2:$B$100=A6)*(Resultados!$C$2:$C$100<Resultados!$D$2:$D$100)*(Resultados!$C$2:$C$100<>"")) + SUMPRODUCT((Resultados!$E$2:$E$100=A6)*(Resultados!$D$2:$D$100<Resultados!$C$2:$C$100)*(Resultados!$C$2:$C$100<>"")) | F6: =SUMIF(Resultados!$B$2:$B$100, A6, Resultados!$C$2:$C$100) + SUMIF(Resultados!$E$2:$E$100, A6, Resultados!$D$2:$D$100) | G6: =SUMIF(Resultados!$B$2:$B$100, A6, Resultados!$D$2:$D$100) + SUMIF(Resultados!$E$2:$E$100, A6, Resultados!$C$2:$C$100) | H6: =F6-G6 | I6: =C6*3 + D6*1 | J6: =I6*10000 + H6*100 + F6 | K6: =RANK.EQ(J6, $J$2:$J$7) + COUNTIF($J$2:J6, J6) - 1
A7: =Equipos!A7 | B7: =SUMPRODUCT((Resultados!$B$2:$B$100=A7)*(Resultados!$C$2:$C$100<>"")) + SUMPRODUCT((Resultados!$E$2:$E$100=A7)*(Resultados!$D$2:$D$100<>"")) | C7: =SUMPRODUCT((Resultados!$B$2:$B$100=A7)*(Resultados!$C$2:$C$100>Resultados!$D$2:$D$100)*(Resultados!$C$2:$C$100<>"")) + SUMPRODUCT((Resultados!$E$2:$E$100=A7)*(Resultados!$D$2:$D$100>Resultados!$C$2:$C$100)*(Resultados!$C$2:$C$100<>"")) | D7: =SUMPRODUCT((Resultados!$B$2:$B$100=A7)*(Resultados!$C$2:$C$100=Resultados!$D$2:$D$100)*(Resultados!$C$2:$C$100<>"")) + SUMPRODUCT((Resultados!$E$2:$E$100=A7)*(Resultados!$D$2:$D$100=Resultados!$C$2:$C$100)*(Resultados!$D$2:$D$100<>"")) | E7: =SUMPRODUCT((Resultados!$B$2:$B$100=A7)*(Resultados!$C$2:$C$100<Resultados!$D$2:$D$100)*(Resultados!$C$2:$C$100<>"")) + SUMPRODUCT((Resultados!$E$2:$E$100=A7)*(Resultados!$D$2:$D$100<Resultados!$C$2:$C$100)*(Resultados!$C$2:$C$100<>"")) | F7: =SUMIF(Resultados!$B$2:$B$100, A7, Resultados!$C$2:$C$100) + SUMIF(Resultados!$E$2:$E$100, A7, Resultados!$D$2:$D$100) | G7: =SUMIF(Resultados!$B$2:$B$100, A7, Resultados!$D$2:$D$100) + SUMIF(Resultados!$E$2:$E$100, A7, Resultados!$C$2:$C$100) | H7: =F7-G7 | I7: =C7*3 + D7*1 | J7: =I7*10000 + H7*100 + F7 | K7: =RANK.EQ(J7, $J$2:$J$7) + COUNTIF($J$2:J7, J7) - 1
